ID,착과량(int)
TEST_0000,255.25489152217153
TEST_0001,749.355152089894
TEST_0002,149.94083738723128
TEST_0003,445.7073312281544
TEST_0004,682.6764123484683
TEST_0005,298.78873609795795
TEST_0006,80.4283284721738
TEST_0007,37.10277156348232
TEST_0008,359.06368746259665
TEST_0009,228.06908792285662
TEST_0010,571.300592200263
TEST_0011,753.8795163114344
TEST_0012,452.77973178541293
TEST_0013,386.2860016393398
TEST_0014,67.49562463094101
TEST_0015,139.22199177123764
TEST_0016,466.98247071429336
TEST_0017,412.20600327182063
TEST_0018,251.5414782000226
TEST_0019,578.1864877593564
TEST_0020,249.16589539615336
TEST_0021,347.07489942484153
TEST_0022,442.26206186049257
TEST_0023,251.119588831988
TEST_0024,170.73006953747293
TEST_0025,640.5698361291317
TEST_0026,163.31388102050644
TEST_0027,760.6227578394123
TEST_0028,628.7302571801674
TEST_0029,455.8710378288158
TEST_0030,25.8451358827915
TEST_0031,577.7916901813046
TEST_0032,661.6600488036682
TEST_0033,547.2626962818872
TEST_0034,555.4574345489756
TEST_0035,350.98597784646506
TEST_0036,245.7012374609855
TEST_0037,657.9938349608559
TEST_0038,27.69240691315195
TEST_0039,451.46800096659507
TEST_0040,379.55250269112815
TEST_0041,148.25031041084827
TEST_0042,734.4111297370891
TEST_0043,72.79082118297659
TEST_0044,592.9231816711454
TEST_0045,339.66486573645085
TEST_0046,753.415454648361
TEST_0047,481.5931691072911
TEST_0048,348.2328638488767
TEST_0049,458.7161555806761
TEST_0050,542.3331479658125
TEST_0051,649.2913325575312
TEST_0052,415.0158260683274
TEST_0053,461.41862103848365
TEST_0054,371.2898384138651
TEST_0055,170.52761428138655
TEST_0056,752.7919393755983
TEST_0057,528.8873690536466
TEST_0058,581.2562878267194
TEST_0059,536.2082152304157
TEST_0060,449.92943944161254
TEST_0061,60.77004148323294
TEST_0062,548.9469976541809
TEST_0063,345.0714258071134
TEST_0064,512.2656395603755
TEST_0065,349.305215648268
TEST_0066,448.91640731165023
TEST_0067,457.73021236661145
TEST_0068,142.60665174065352
TEST_0069,682.0046284490332
TEST_0070,761.358640274645
TEST_0071,746.3128870509098
TEST_0072,659.3838141891596
TEST_0073,256.8094389311365
TEST_0074,141.45248426419377
TEST_0075,256.0080695534899
TEST_0076,163.1181659470004
TEST_0077,648.7733775927445
TEST_0078,747.9113572561728
TEST_0079,339.1831991332216
TEST_0080,257.41967667774776
TEST_0081,59.29503584646613
TEST_0082,56.18263710077971
TEST_0083,640.2834188319299
TEST_0084,621.1728878739896
TEST_0085,498.46172660294934
TEST_0086,239.82767184852403
TEST_0087,344.1610432518984
TEST_0088,45.23979084565161
TEST_0089,128.92879296926392
TEST_0090,33.451859477769155
TEST_0091,388.0911718644287
TEST_0092,547.8507359496496
TEST_0093,540.7655265718868
TEST_0094,546.1032785504096
TEST_0095,356.59734974649365
TEST_0096,234.38232886504522
TEST_0097,262.90439341997
TEST_0098,232.54129389821193
TEST_0099,641.4101891221379
TEST_0100,687.8681194053504
TEST_0101,259.81382996147875
TEST_0102,447.7473147014424
TEST_0103,555.4455296091429
TEST_0104,212.57039373447287
TEST_0105,748.5222264683854
TEST_0106,154.4339887990939
TEST_0107,65.21512209352227
TEST_0108,457.21335684808633
TEST_0109,247.49781169454064
TEST_0110,654.7849467824444
TEST_0111,314.26606561762725
TEST_0112,576.7626569025757
TEST_0113,450.6377229361646
TEST_0114,691.7005265863733
TEST_0115,152.7608719741014
TEST_0116,664.173412492115
TEST_0117,646.7857424928361
TEST_0118,348.4656641633835
TEST_0119,469.3788062676674
TEST_0120,155.14413225060798
TEST_0121,447.35634804314685
TEST_0122,335.61536128417106
TEST_0123,534.9368149673602
TEST_0124,753.5946736461835
TEST_0125,557.1019713801501
TEST_0126,283.0358693850128
TEST_0127,554.1916216409928
TEST_0128,542.5507729816266
TEST_0129,363.0571495331382
TEST_0130,57.24112906843548
TEST_0131,241.91786936051676
TEST_0132,459.0277707787215
TEST_0133,341.40350416259145
TEST_0134,85.00934342443661
TEST_0135,250.66831528049616
TEST_0136,743.5035703855406
TEST_0137,286.8249581645217
TEST_0138,163.70820568947101
TEST_0139,532.8888627376939
TEST_0140,755.2638405345672
TEST_0141,753.56150035251
TEST_0142,263.61169959559095
TEST_0143,451.89634265989463
TEST_0144,46.33008735863492
TEST_0145,574.2956977480716
TEST_0146,257.40695627924845
TEST_0147,175.334705662728
TEST_0148,154.1944262338341
TEST_0149,409.49222167083406
TEST_0150,586.0836690543367
TEST_0151,649.6966301735754
TEST_0152,758.2601194322
TEST_0153,170.9245932825041
TEST_0154,546.6586766754777
TEST_0155,742.381617832005
TEST_0156,509.314883866788
TEST_0157,331.93073544644403
TEST_0158,150.8533523920639
TEST_0159,246.6004869662993
TEST_0160,539.077809535504
TEST_0161,257.3418165375621
TEST_0162,203.31265735355714
TEST_0163,43.704053901508445
TEST_0164,554.3561690970874
TEST_0165,549.4076850301919
TEST_0166,587.3542325939319
TEST_0167,644.8317195429415
TEST_0168,551.8229669608256
TEST_0169,372.4791236366377
TEST_0170,657.0638836248313
TEST_0171,533.1766966079799
TEST_0172,446.79353620078746
TEST_0173,251.71275127745423
TEST_0174,753.3043979024761
TEST_0175,151.7989930016686
TEST_0176,266.7598987080386
TEST_0177,351.59783935162386
TEST_0178,156.7230934030174
TEST_0179,354.4694322114966
TEST_0180,256.67579706757266
TEST_0181,361.36212929677794
TEST_0182,436.2720674515687
TEST_0183,249.0227625530679
TEST_0184,753.5707104278387
TEST_0185,549.4306002088662
TEST_0186,338.5218455283329
TEST_0187,661.867682997733
TEST_0188,632.5387122661859
TEST_0189,238.59137568109816
TEST_0190,648.052905921927
TEST_0191,150.78638388166934
TEST_0192,353.3128794621579
TEST_0193,654.3124500444239
TEST_0194,652.7574690169475
TEST_0195,738.1080338806404
TEST_0196,270.2628488748586
TEST_0197,103.81273198582403
TEST_0198,260.03277214961435
TEST_0199,37.100358581725764
TEST_0200,148.0366404780819
TEST_0201,337.29999950191603
TEST_0202,255.8781193745161
TEST_0203,152.40358347094255
TEST_0204,451.2670222211427
TEST_0205,363.18182788063564
TEST_0206,48.45921668091593
TEST_0207,301.53193925709354
TEST_0208,263.6057071717608
TEST_0209,451.4859162071121
TEST_0210,453.54706343860835
TEST_0211,177.31185076057903
TEST_0212,265.2982329976673
TEST_0213,568.5838768906033
TEST_0214,357.23120913787403
TEST_0215,37.59818506797033
TEST_0216,751.3405990841837
TEST_0217,165.2217788975799
TEST_0218,453.8567656274775
TEST_0219,443.94943026718624
TEST_0220,155.99740676326397
TEST_0221,357.4755717254754
TEST_0222,562.8231300287217
TEST_0223,255.21440341470606
TEST_0224,553.5014348042306
TEST_0225,450.9725441380982
TEST_0226,547.6328820216298
TEST_0227,54.51166881086553
TEST_0228,652.165377464324
TEST_0229,364.1632966070557
TEST_0230,456.3252556960725
TEST_0231,648.7945251032264
TEST_0232,449.62676033517596
TEST_0233,158.88348706057096
TEST_0234,376.9311750149296
TEST_0235,451.28912329810964
TEST_0236,434.3215061863238
TEST_0237,366.8701335745724
TEST_0238,147.47596260248167
TEST_0239,653.9232774989492
TEST_0240,607.3067863676541
TEST_0241,365.9074540394392
TEST_0242,295.316385691707
TEST_0243,151.42445326045208
TEST_0244,654.0419872908932
TEST_0245,308.6159702137789
TEST_0246,343.3186981303212
TEST_0247,447.99075100496196
TEST_0248,615.0176335798138
TEST_0249,684.2040037437532
TEST_0250,249.96422807297813
TEST_0251,39.024004184596954
TEST_0252,645.1529799738239
TEST_0253,351.6041635843851
TEST_0254,159.88081475826704
TEST_0255,348.9603835889622
TEST_0256,260.1361854388087
TEST_0257,256.65534960836277
TEST_0258,257.6212142464496
TEST_0259,43.99319475106277
TEST_0260,551.0294694780946
TEST_0261,158.04707872098018
TEST_0262,356.81834749596726
TEST_0263,340.80983496162065
TEST_0264,38.90645392085542
TEST_0265,195.5396067595003
TEST_0266,411.75193645194605
TEST_0267,628.4516798824613
TEST_0268,557.0121584153743
TEST_0269,534.3562745661952
TEST_0270,346.5793302572597
TEST_0271,351.3782917454523
TEST_0272,439.4268624074789
TEST_0273,755.9325046539901
TEST_0274,35.634723698415236
TEST_0275,35.24736131096888
TEST_0276,348.4817237268636
TEST_0277,62.21401574760013
TEST_0278,253.07763043664272
TEST_0279,32.10533460861661
TEST_0280,581.6570693960698
TEST_0281,256.69958515588775
TEST_0282,25.453263668202414
TEST_0283,149.78354480245602
TEST_0284,680.415205028217
TEST_0285,658.84577814931
TEST_0286,35.07573405058977
TEST_0287,665.9763968398869
TEST_0288,570.1575727001745
TEST_0289,342.40521298762945
TEST_0290,570.8234502422488
TEST_0291,255.6632999702134
TEST_0292,702.0728463660148
TEST_0293,622.0114782983104
TEST_0294,442.20561838128225
TEST_0295,452.0848072320601
TEST_0296,645.651589991829
TEST_0297,241.97346914717642
TEST_0298,199.22251501383764
TEST_0299,248.05948401040078
TEST_0300,223.93707274885298
TEST_0301,757.4655349080928
TEST_0302,152.98037774657647
TEST_0303,451.3785485853679
TEST_0304,512.6393701959539
TEST_0305,453.58658055835446
TEST_0306,127.3567809797374
TEST_0307,575.1540617160215
TEST_0308,743.6377679933045
TEST_0309,258.6802289065258
TEST_0310,42.957660302988025
TEST_0311,621.6772843953233
TEST_0312,437.25303953868786
TEST_0313,346.1947414767502
TEST_0314,666.3529459241897
TEST_0315,336.5638999086903
TEST_0316,430.67505242540796
TEST_0317,81.52791954348565
TEST_0318,453.05204680705293
TEST_0319,664.8514347905567
TEST_0320,228.47687772997605
TEST_0321,364.9697083595103
TEST_0322,567.9284139994855
TEST_0323,253.5317167153602
TEST_0324,367.3950914595854
TEST_0325,594.8451927515182
TEST_0326,58.26258399028644
TEST_0327,631.0337488471646
TEST_0328,642.0702756412115
TEST_0329,339.643836829823
TEST_0330,696.8071858459023
TEST_0331,57.230197213359276
TEST_0332,258.546833353248
TEST_0333,357.7991745527636
TEST_0334,246.1420090183149
TEST_0335,150.4207455067379
TEST_0336,45.68366554516332
TEST_0337,451.61243604063276
TEST_0338,251.94042176055254
TEST_0339,264.5696335209494
TEST_0340,746.6700125970517
TEST_0341,249.7881443031519
TEST_0342,56.52531945335155
TEST_0343,251.12320875262586
TEST_0344,538.7524590860479
TEST_0345,447.3122017851804
TEST_0346,159.139277898873
TEST_0347,295.07228818793953
TEST_0348,61.04108834604641
TEST_0349,655.0967677746263
TEST_0350,656.9982346350716
TEST_0351,478.7645537467183
TEST_0352,449.39731813700405
TEST_0353,347.85027573944745
TEST_0354,42.467007125242276
TEST_0355,181.4725878436127
TEST_0356,386.5395308351232
TEST_0357,572.988350377307
TEST_0358,194.83080443707527
TEST_0359,450.87101591919736
TEST_0360,213.15386658014074
TEST_0361,190.21190828271395
TEST_0362,418.37816454023545
TEST_0363,188.33418888383267
TEST_0364,260.4710310617763
TEST_0365,652.0532309802337
TEST_0366,254.77897582725763
TEST_0367,637.3641305855314
TEST_0368,242.6597365388543
TEST_0369,147.39217331044475
TEST_0370,374.9428546170761
TEST_0371,238.84966141755095
TEST_0372,143.7036370781566
TEST_0373,541.0100851639227
TEST_0374,94.92846378138744
TEST_0375,658.0483926818071
TEST_0376,147.95961063888436
TEST_0377,351.92179979281343
TEST_0378,357.3748084137509
TEST_0379,529.2269850714347
TEST_0380,451.6435068743171
TEST_0381,653.7206446486213
TEST_0382,562.5263067941613
TEST_0383,343.941225243462
TEST_0384,361.7749199884775
TEST_0385,99.40470538427674
TEST_0386,514.3665886033818
TEST_0387,711.5884655702154
TEST_0388,659.1044724096845
TEST_0389,150.7595312155788
TEST_0390,37.80853448335141
TEST_0391,355.1637791172006
TEST_0392,736.2965501753356
TEST_0393,184.7843064495021
TEST_0394,152.1173024962695
TEST_0395,339.0219654366803
TEST_0396,346.5736630903775
TEST_0397,172.3309691966836
TEST_0398,157.54676684770544
TEST_0399,455.8609262772822
TEST_0400,756.4184653785805
TEST_0401,332.9955927798358
TEST_0402,460.5216943871763
TEST_0403,543.5750935099637
TEST_0404,450.97369624291457
TEST_0405,148.31953260198875
TEST_0406,239.67026744784894
TEST_0407,140.4053392313899
TEST_0408,693.3894037210198
TEST_0409,558.0910246430293
TEST_0410,348.43875159568483
TEST_0411,309.5613424074178
TEST_0412,645.2042511002522
TEST_0413,461.72542811638857
TEST_0414,350.78955954211176
TEST_0415,85.3024370860346
TEST_0416,331.918737385955
TEST_0417,241.45898501638246
TEST_0418,562.5263616679096
TEST_0419,478.8103218888128
TEST_0420,256.2207763341847
TEST_0421,537.0031362043242
TEST_0422,757.6195739954958
TEST_0423,90.5454206467643
TEST_0424,346.6906458513466
TEST_0425,185.98096856268705
TEST_0426,351.32393465651654
TEST_0427,648.6366961781915
TEST_0428,740.5068892039313
TEST_0429,155.00324551559416
TEST_0430,353.93988754188297
TEST_0431,443.49774140730426
TEST_0432,756.5186307697014
TEST_0433,361.7650732360593
TEST_0434,459.2468795749843
TEST_0435,348.21561939254747
TEST_0436,637.5003910201616
TEST_0437,438.821267657918
TEST_0438,39.88135443534342
TEST_0439,247.61949813610985
TEST_0440,260.195867447859
TEST_0441,362.25158379405264
TEST_0442,461.24644586787133
TEST_0443,45.93940433747246
TEST_0444,318.72953155391286
TEST_0445,138.90895827797553
TEST_0446,312.79401112601016
TEST_0447,38.01361726336681
TEST_0448,759.1654056064955
TEST_0449,465.15573544623504
TEST_0450,360.1138355034129
TEST_0451,381.04164935538597
TEST_0452,265.4903968986623
TEST_0453,30.702429795514913
TEST_0454,144.4128801259596
TEST_0455,374.9274052779767
TEST_0456,255.09328621643022
TEST_0457,663.4732411389132
TEST_0458,745.4146137817372
TEST_0459,343.725772224866
TEST_0460,107.07222648642616
TEST_0461,426.6207850859565
TEST_0462,33.9856949605899
TEST_0463,431.07515524826124
TEST_0464,654.300547286605
TEST_0465,52.5709881772269
TEST_0466,620.0439384216189
TEST_0467,651.4379013415003
TEST_0468,453.04615683935054
TEST_0469,663.4865133290842
TEST_0470,164.74117684412323
TEST_0471,351.56662284097786
TEST_0472,246.25711162015568
TEST_0473,229.50460763664205
TEST_0474,36.98219581959653
TEST_0475,454.6196986101407
TEST_0476,458.4732603089227
TEST_0477,51.30865522922976
TEST_0478,104.11244517134392
TEST_0479,456.90625383326073
TEST_0480,165.54059563374707
TEST_0481,163.41562021127723
TEST_0482,561.299105736043
TEST_0483,513.659773365742
TEST_0484,750.5563032930943
TEST_0485,339.4653497305749
TEST_0486,153.95680046043728
TEST_0487,689.9801310629105
TEST_0488,357.2470365757281
TEST_0489,259.88128782470284
TEST_0490,241.91536220141063
TEST_0491,365.2243244489508
TEST_0492,256.71354547083354
TEST_0493,174.5498880666902
TEST_0494,260.4990951811172
TEST_0495,637.2094340887627
TEST_0496,59.11420865760253
TEST_0497,620.946906277811
TEST_0498,607.6137574863599
TEST_0499,88.7564039446713
TEST_0500,462.31802023652824
TEST_0501,635.3688637486016
TEST_0502,198.3412184896316
TEST_0503,656.9269386693595
TEST_0504,538.2644477601639
TEST_0505,256.56347424792193
TEST_0506,59.39622561652153
TEST_0507,567.788400134238
TEST_0508,345.3256646374235
TEST_0509,242.34757731900322
TEST_0510,349.2202077997056
TEST_0511,58.39753281438104
TEST_0512,363.2550048975515
TEST_0513,552.2742536362421
TEST_0514,259.8438574952173
TEST_0515,361.5386283167696
TEST_0516,346.42029084027246
TEST_0517,631.3726302136465
TEST_0518,62.06750639317865
TEST_0519,43.545020700247505
TEST_0520,516.720031753646
TEST_0521,528.2228011241313
TEST_0522,742.6738383822253
TEST_0523,445.16873143535435
TEST_0524,740.7274044338258
TEST_0525,544.4945923994119
TEST_0526,641.5830709087203
TEST_0527,512.3649980911267
TEST_0528,459.9474230841968
TEST_0529,190.9464835735651
TEST_0530,195.07889473851023
TEST_0531,649.6073973535183
TEST_0532,573.4930455036407
TEST_0533,32.879742973572924
TEST_0534,40.20146666643652
TEST_0535,734.9975444837443
TEST_0536,670.7358415615547
TEST_0537,637.8892885364971
TEST_0538,253.7073961553107
TEST_0539,540.0168314786958
TEST_0540,610.714108456554
TEST_0541,708.407444531689
TEST_0542,533.3391521418217
TEST_0543,547.0261311666875
TEST_0544,555.9748969888942
TEST_0545,763.5484066828938
TEST_0546,357.15702706708845
TEST_0547,541.0255002170812
TEST_0548,596.8489437228737
TEST_0549,148.90380334648572
TEST_0550,657.3854941213223
TEST_0551,446.1249246009932
TEST_0552,461.5450901937737
TEST_0553,664.0447745493725
TEST_0554,164.24509935508019
TEST_0555,149.2859088224098
TEST_0556,229.13967048949092
TEST_0557,453.2378027986349
TEST_0558,370.9817043040286
TEST_0559,344.42300751448363
TEST_0560,147.73303329840738
TEST_0561,249.550203789795
TEST_0562,67.23201261810279
TEST_0563,60.36539752316564
TEST_0564,380.3730226895182
TEST_0565,625.0885509104792
TEST_0566,149.68987039804227
TEST_0567,744.1095865606736
TEST_0568,536.5515214203757
TEST_0569,146.36950354634575
TEST_0570,346.03124857957465
TEST_0571,248.14225108193898
TEST_0572,444.55550028108695
TEST_0573,753.0403387303528
TEST_0574,533.8953066332191
TEST_0575,379.5473197434115
TEST_0576,333.58605427361493
TEST_0577,367.01877953524945
TEST_0578,739.606112137919
TEST_0579,266.14471782208085
TEST_0580,38.97115394385473
TEST_0581,463.3211487621291
TEST_0582,749.6512296074524
TEST_0583,147.10742698688304
TEST_0584,148.4134501848555
TEST_0585,258.80011454497463
TEST_0586,265.9370688584877
TEST_0587,147.46175053702837
TEST_0588,642.9612170736114
TEST_0589,361.60856283757295
TEST_0590,245.91904282186826
TEST_0591,246.1529718659504
TEST_0592,321.1092347533228
TEST_0593,643.8189088891719
TEST_0594,448.8759276415357
TEST_0595,264.415380064212
TEST_0596,446.4962834993536
TEST_0597,29.405411374720956
TEST_0598,436.04912098697275
TEST_0599,232.8232309188857
TEST_0600,401.1230436457655
TEST_0601,245.3288430302214
TEST_0602,204.46599276383927
TEST_0603,637.0770262245936
TEST_0604,547.490715498679
TEST_0605,350.7756722528809
TEST_0606,165.7468801587071
TEST_0607,173.78232431844734
TEST_0608,454.85162125716187
TEST_0609,750.0631741261748
TEST_0610,247.85208264268434
TEST_0611,210.33785273758363
TEST_0612,356.0247472289022
TEST_0613,455.86431219936856
TEST_0614,431.56223110393324
TEST_0615,240.8492406740456
TEST_0616,752.9931803147721
TEST_0617,606.1643812149608
TEST_0618,457.2367764077849
TEST_0619,42.524135445855755
TEST_0620,678.2967347482984
TEST_0621,291.73132530796977
TEST_0622,756.7089780163533
TEST_0623,34.024165468406046
TEST_0624,66.22747371810597
TEST_0625,265.29467625064484
TEST_0626,67.16125651716406
TEST_0627,437.72016383756613
TEST_0628,158.34204049194375
TEST_0629,632.1817846087519
TEST_0630,573.2933723255669
TEST_0631,246.38181037928646
TEST_0632,684.9509150784372
TEST_0633,232.02946168325013
TEST_0634,243.61406571423333
TEST_0635,760.8769194064598
TEST_0636,538.8966869396592
TEST_0637,349.54816809131415
TEST_0638,304.5656710210347
TEST_0639,686.4545684529518
TEST_0640,63.72799881445733
TEST_0641,354.23713336041817
TEST_0642,350.25518967592524
TEST_0643,729.9732911302643
TEST_0644,739.3434753254527
TEST_0645,153.83079383347453
TEST_0646,349.6361655229579
TEST_0647,38.255875891679935
TEST_0648,744.6623001528625
TEST_0649,597.3178221899634
TEST_0650,651.2567893233736
TEST_0651,457.89312300477394
TEST_0652,640.0541654772749
TEST_0653,445.6199175153987
TEST_0654,90.00799061992608
TEST_0655,161.14645622275341
TEST_0656,154.990635660046
TEST_0657,646.6699826216087
TEST_0658,328.8768614241237
TEST_0659,357.6331489225521
TEST_0660,742.9942574935822
TEST_0661,535.9401172964585
TEST_0662,252.24618957763954
TEST_0663,159.25257326054592
TEST_0664,357.1938141917591
TEST_0665,155.80057458851886
TEST_0666,553.9887260758102
TEST_0667,668.0512515051614
TEST_0668,550.4696767777488
TEST_0669,95.93895904103945
TEST_0670,664.2292825950618
TEST_0671,131.4978898552781
TEST_0672,291.17241499586163
TEST_0673,185.18921356576865
TEST_0674,153.01709088202205
TEST_0675,148.40698578903
TEST_0676,460.6680923253785
TEST_0677,373.4270939394431
TEST_0678,760.3947749995873
TEST_0679,541.3063352825169
TEST_0680,95.87876796679006
TEST_0681,450.49097746634123
TEST_0682,565.673811904662
TEST_0683,168.5127313210003
TEST_0684,469.48188760857454
TEST_0685,618.5269783123867
TEST_0686,560.1066060342739
TEST_0687,56.303571404957545
TEST_0688,377.3078009631372
TEST_0689,454.60160351604856
TEST_0690,475.3563532393474
TEST_0691,394.8556580070271
TEST_0692,253.56186274900637
TEST_0693,352.7317033997807
TEST_0694,142.40220450947854
TEST_0695,455.5739473704887
TEST_0696,356.3697582206018
TEST_0697,443.655024850878
TEST_0698,242.1174112572519
TEST_0699,659.2582818881323
TEST_0700,578.1973342472781
TEST_0701,73.720049950749
TEST_0702,57.80249178611397
TEST_0703,341.4312867679475
TEST_0704,456.80794995202143
TEST_0705,225.55595024287004
TEST_0706,542.1206160712142
TEST_0707,573.4902120427839
TEST_0708,448.9287537912427
TEST_0709,391.0989741665651
TEST_0710,140.6423572811533
TEST_0711,552.9661241648508
TEST_0712,43.54138860091206
TEST_0713,672.8613577729043
TEST_0714,537.0881140678172
TEST_0715,58.67595709614998
TEST_0716,333.9467601481227
TEST_0717,553.4413468078893
TEST_0718,242.5769385345465
TEST_0719,352.80150614302374
TEST_0720,751.1302994365075
TEST_0721,147.88582237311587
TEST_0722,284.54144490755044
TEST_0723,251.63961559673385
TEST_0724,46.62866532369155
TEST_0725,450.5016466452535
TEST_0726,372.34786049574893
TEST_0727,750.9191442421056
TEST_0728,456.34613668450424
TEST_0729,239.89810385917576
TEST_0730,748.1794763138465
TEST_0731,158.20042685990177
TEST_0732,753.8767136448757
TEST_0733,233.15305164550952
TEST_0734,569.219866867773
TEST_0735,161.82594209806408
TEST_0736,633.9280689304176
TEST_0737,654.1364491630671
TEST_0738,137.1684139636871
TEST_0739,638.6366190709873
TEST_0740,138.6297459321098
TEST_0741,348.2659060754673
TEST_0742,38.01995760921324
TEST_0743,31.173538912803576
TEST_0744,555.7933231935737
TEST_0745,655.2828102416212
TEST_0746,228.4301819903268
TEST_0747,685.1858813652937
TEST_0748,563.5555345541047
TEST_0749,258.7681221656849
TEST_0750,134.28501613107923
TEST_0751,630.1280715448363
TEST_0752,513.6595085314477
TEST_0753,460.87148745125563
TEST_0754,593.8257959395949
TEST_0755,255.93585958841015
TEST_0756,169.08564758423725
TEST_0757,161.9264636762883
TEST_0758,436.965413137326
TEST_0759,46.75029169598758
TEST_0760,140.47254479535968
TEST_0761,253.45330309089783
TEST_0762,649.682909808123
TEST_0763,406.80232202911594
TEST_0764,652.8064055745616
TEST_0765,342.5787623461731
TEST_0766,152.5686979460642
TEST_0767,394.7142488247905
TEST_0768,555.4509247497379
TEST_0769,727.6763609534088
TEST_0770,553.6072968895548
TEST_0771,565.5915856074615
TEST_0772,355.88438873413617
TEST_0773,552.9976364460638
TEST_0774,268.07344630951104
TEST_0775,149.78302312245614
TEST_0776,357.67224462533693
TEST_0777,614.3587525478412
TEST_0778,135.96508559524935
TEST_0779,468.47982215362504
TEST_0780,443.682847235322
TEST_0781,264.70863276933875
TEST_0782,641.1076574559354
TEST_0783,457.08773920725497
TEST_0784,245.08989251585047
TEST_0785,28.9181809865568
TEST_0786,236.65136070990192
TEST_0787,248.97448591032938
TEST_0788,516.887009680417
TEST_0789,28.96797459713482
TEST_0790,160.94459511629404
TEST_0791,556.2836235599091
TEST_0792,184.04646621486876
TEST_0793,354.7417103706131
TEST_0794,743.2238548692571
TEST_0795,161.68329882299403
TEST_0796,151.10044141898226
TEST_0797,458.4859817893654
TEST_0798,56.98073071920629
TEST_0799,352.71516249603803
TEST_0800,243.14995049999675
TEST_0801,253.6722959281392
TEST_0802,520.2365340260624
TEST_0803,448.29578444387425
TEST_0804,160.76351124483102
TEST_0805,646.7840944153284
TEST_0806,752.2563787510455
TEST_0807,351.9618737965681
TEST_0808,555.8369484381917
TEST_0809,552.4219082220237
TEST_0810,245.27759867247414
TEST_0811,657.4484710374256
TEST_0812,753.3640107515137
TEST_0813,246.78722151917265
TEST_0814,726.502374162449
TEST_0815,559.5859823734493
TEST_0816,339.8102470246615
TEST_0817,349.97126345757124
TEST_0818,279.35150470049564
TEST_0819,355.24872651158006
TEST_0820,643.5115360435314
TEST_0821,746.2412543354203
TEST_0822,261.79295503589356
TEST_0823,36.92544634445405
TEST_0824,750.9413887704844
TEST_0825,650.4632737714692
TEST_0826,656.7309933411595
TEST_0827,256.21920044897996
TEST_0828,205.67211951828006
TEST_0829,365.1705645376472
TEST_0830,183.53928236122007
TEST_0831,655.3879190741402
TEST_0832,689.9640877801888
TEST_0833,135.17784847296824
TEST_0834,534.7193862735443
TEST_0835,557.7908617193298
TEST_0836,94.02792346453958
TEST_0837,537.419724207953
TEST_0838,370.1466383771484
TEST_0839,546.1378677882763
TEST_0840,605.1560221279452
TEST_0841,338.2971716335725
TEST_0842,639.6918639289701
TEST_0843,259.80449848026984
TEST_0844,374.3439276832709
TEST_0845,246.65668656329296
TEST_0846,660.1335243955243
TEST_0847,522.6354296608098
TEST_0848,261.8790278386923
TEST_0849,109.44789474637042
TEST_0850,40.07971490574986
TEST_0851,577.7277518472847
TEST_0852,261.5512348474362
TEST_0853,233.54338579667015
TEST_0854,654.6600068388265
TEST_0855,753.4027692627138
TEST_0856,645.5721481632955
TEST_0857,33.3072319697545
TEST_0858,254.35386712881697
TEST_0859,753.6039740530343
TEST_0860,644.7711850708259
TEST_0861,353.6450338419166
TEST_0862,653.4849346253349
TEST_0863,598.4390564089234
TEST_0864,150.7666585322547
TEST_0865,651.4006022047492
TEST_0866,138.60108780498004
TEST_0867,451.98489205174127
TEST_0868,327.7213162987635
TEST_0869,649.1912069354125
TEST_0870,440.971455956067
TEST_0871,734.7119275212318
TEST_0872,760.7880900112073
TEST_0873,740.2853106069645
TEST_0874,235.42530585640668
TEST_0875,736.0461556768474
TEST_0876,501.42689602430653
TEST_0877,370.5639951915024
TEST_0878,245.50330343084886
TEST_0879,58.446215932194185
TEST_0880,533.2709551812214
TEST_0881,153.03472071182767
TEST_0882,242.46133848147434
TEST_0883,607.3645755928536
TEST_0884,456.7568949024765
TEST_0885,382.92461039766226
TEST_0886,345.94498892561444
TEST_0887,145.01963243529008
TEST_0888,358.5057501300878
TEST_0889,651.5199048664497
TEST_0890,463.4413588900344
TEST_0891,157.64840416379243
TEST_0892,635.4867802974551
TEST_0893,541.3422183181106
TEST_0894,256.70085813364994
TEST_0895,751.5919436228234
TEST_0896,445.2634962220721
TEST_0897,457.39479298610433
TEST_0898,752.2894267111847
TEST_0899,549.7589309475335
TEST_0900,651.5369004402755
TEST_0901,557.4414364199484
TEST_0902,746.52819007703
TEST_0903,64.47302703943033
TEST_0904,642.6452917062755
TEST_0905,645.3333520784478
TEST_0906,48.70977355272548
TEST_0907,37.05012368590719
TEST_0908,160.04171243185573
TEST_0909,42.32386411757933
TEST_0910,657.4559432368665
TEST_0911,193.27717596264247
TEST_0912,551.8421415387252
TEST_0913,257.21843514601267
TEST_0914,236.4904349603975
TEST_0915,653.9164009026296
TEST_0916,369.4381789474281
TEST_0917,173.77419265239428
TEST_0918,164.73631792354382
TEST_0919,750.5794924917262
TEST_0920,469.8758633851644
TEST_0921,343.7682748939008
TEST_0922,87.15824162103492
TEST_0923,727.7031044221071
TEST_0924,463.86137135528514
TEST_0925,355.3706965093606
TEST_0926,348.65169178160244
TEST_0927,364.3135959139534
TEST_0928,457.82281071860575
TEST_0929,649.9483279836413
TEST_0930,756.5305488673841
TEST_0931,137.4451851550064
TEST_0932,660.6561551902167
TEST_0933,374.835461290597
TEST_0934,451.72162661875535
TEST_0935,178.26449424995934
TEST_0936,91.71916756656685
TEST_0937,142.8118140133203
TEST_0938,211.3268005817255
TEST_0939,153.3122415305316
TEST_0940,202.80039318502287
TEST_0941,152.8018980442274
TEST_0942,143.20049992545685
TEST_0943,560.2111428399113
TEST_0944,260.767596785373
TEST_0945,646.9715703042413
TEST_0946,183.4141031704985
TEST_0947,760.3164716239028
TEST_0948,283.8372933565667
TEST_0949,454.72251101372393
TEST_0950,360.9778284739263
TEST_0951,636.3086877919311
TEST_0952,132.7622792631841
TEST_0953,443.6498445176717
TEST_0954,355.7262330288594
TEST_0955,603.6294815165268
TEST_0956,684.2548267814361
TEST_0957,140.6213665001917
TEST_0958,445.5013430434838
TEST_0959,545.6109130579769
TEST_0960,203.14505651383536
TEST_0961,338.9546570890027
TEST_0962,440.73641163532693
TEST_0963,65.29948037336547
TEST_0964,379.5828513904659
TEST_0965,145.59791751087033
TEST_0966,347.7593160994735
TEST_0967,337.73327244537796
TEST_0968,554.1572784055975
TEST_0969,338.1651471673153
TEST_0970,94.77110642280005
TEST_0971,528.2657975713051
TEST_0972,264.42436665153144
TEST_0973,463.6022876493181
TEST_0974,343.6974223201182
TEST_0975,621.4668396699257
TEST_0976,569.1511820450853
TEST_0977,248.8602175864945
TEST_0978,251.64119049489153
TEST_0979,256.5109302516789
TEST_0980,252.93972219971965
TEST_0981,157.18857876568748
TEST_0982,57.06198145450404
TEST_0983,358.16158594539115
TEST_0984,182.50337570702567
TEST_0985,636.7812636133127
TEST_0986,759.0732228292068
TEST_0987,47.10909998685624
TEST_0988,242.18934119063292
TEST_0989,653.8743080452639
TEST_0990,451.2438362196975
TEST_0991,462.5949997054458
TEST_0992,237.89392607955065
TEST_0993,742.0762229131481
TEST_0994,456.78654149105097
TEST_0995,444.56529396013207
TEST_0996,164.30781374146918
TEST_0997,674.853598776581
TEST_0998,451.1986315321238
TEST_0999,568.1533034588823
TEST_1000,595.2159218940751
TEST_1001,533.0894630829778
TEST_1002,747.9236334485214
TEST_1003,647.2809269015588
TEST_1004,248.3251694760911
TEST_1005,442.91740381339554
TEST_1006,241.59701831501417
TEST_1007,745.2119281339037
TEST_1008,460.39882700314325
TEST_1009,735.7547297985774
TEST_1010,344.04391629085956
TEST_1011,584.8072885883579
TEST_1012,559.6995611581814
TEST_1013,528.7040273944522
TEST_1014,354.93946514313353
TEST_1015,237.89512947520538
TEST_1016,463.177148757725
TEST_1017,645.088608709034
TEST_1018,448.5080773597753
TEST_1019,436.5599747927707
TEST_1020,150.18684875846336
TEST_1021,357.38508986468236
TEST_1022,401.30648070736083
TEST_1023,146.32871200058028
TEST_1024,261.94460258536276
TEST_1025,446.11975770402387
TEST_1026,630.7642784687812
TEST_1027,266.65723036890586
TEST_1028,748.0438157843377
TEST_1029,78.11920212122179
TEST_1030,455.4663847280782
TEST_1031,668.0603983747483
TEST_1032,106.49810591449933
TEST_1033,687.290598381084
TEST_1034,652.2545446570059
TEST_1035,544.9703669790846
TEST_1036,656.106617200073
TEST_1037,546.1137400439427
TEST_1038,358.27058988548845
TEST_1039,258.8076593995729
TEST_1040,553.519477765785
TEST_1041,653.7852550964573
TEST_1042,362.55834187907055
TEST_1043,353.246829806361
TEST_1044,43.25882818574932
TEST_1045,441.39049005239747
TEST_1046,337.7041732650812
TEST_1047,360.18465536409263
TEST_1048,143.95067613636965
TEST_1049,152.71273406603984
TEST_1050,743.5373939469711
TEST_1051,253.7281598914673
TEST_1052,562.5143431212532
TEST_1053,361.37682978363415
TEST_1054,562.7994049469565
TEST_1055,346.19410100776514
TEST_1056,559.9550284765359
TEST_1057,377.1388755486005
TEST_1058,554.4322975512362
TEST_1059,89.68649926735425
TEST_1060,747.1244588489759
TEST_1061,541.6279411867837
TEST_1062,446.5049630833374
TEST_1063,753.5316191257092
TEST_1064,648.7982767120976
TEST_1065,647.7289118901191
TEST_1066,585.2644322299458
TEST_1067,459.5050593361601
TEST_1068,155.91562982051644
TEST_1069,453.02791056754825
TEST_1070,159.6619599064959
TEST_1071,754.4755057718822
TEST_1072,149.27780218097277
TEST_1073,356.5204819944684
TEST_1074,441.04090851280074
TEST_1075,161.39421180803404
TEST_1076,556.2395838721512
TEST_1077,140.01404874181102
TEST_1078,561.6163052221442
TEST_1079,253.33370341302557
TEST_1080,748.0872525634468
TEST_1081,557.2417153086571
TEST_1082,47.276530681188504
TEST_1083,632.82483554789
TEST_1084,640.466197849659
TEST_1085,561.1280782380832
TEST_1086,359.05243290660206
TEST_1087,343.154523268782
TEST_1088,492.2867647420907
TEST_1089,45.37721612310296
TEST_1090,359.3768866202789
TEST_1091,257.72760940881005
TEST_1092,449.77553301212276
TEST_1093,155.30049131593748
TEST_1094,612.0955002058103
TEST_1095,172.6022896902546
TEST_1096,46.35443405023685
TEST_1097,694.3780686564902
TEST_1098,754.9566136990818
TEST_1099,269.4976572463052
TEST_1100,353.4881302985918
TEST_1101,42.24890770062755
TEST_1102,643.2394947087012
TEST_1103,214.36318264953377
TEST_1104,149.94465733152722
TEST_1105,750.5225583289428
TEST_1106,144.2858053642803
TEST_1107,660.4026482517912
TEST_1108,573.477278848373
TEST_1109,351.7816472970222
TEST_1110,532.0953156362435
TEST_1111,536.0953111870509
TEST_1112,477.19431363276897
TEST_1113,658.9219626987599
TEST_1114,541.8804002681004
TEST_1115,340.36155384415554
TEST_1116,442.82067975577206
TEST_1117,651.9369195977907
TEST_1118,235.23497725062526
TEST_1119,652.2405315999597
TEST_1120,156.40824564618296
TEST_1121,149.37178286824545
TEST_1122,159.11417052136173
TEST_1123,539.5631797422113
TEST_1124,175.2792853315983
TEST_1125,291.4525519454309
TEST_1126,557.7354323651424
TEST_1127,151.5825980815373
TEST_1128,369.4818157158413
TEST_1129,743.7200896199678
TEST_1130,659.5253245401774
TEST_1131,557.6644472880882
TEST_1132,74.94481872941381
TEST_1133,647.4273075396269
TEST_1134,549.2811005620744
TEST_1135,149.5240926128439
TEST_1136,412.48051574373017
TEST_1137,696.4592057922471
TEST_1138,362.7722365132243
TEST_1139,545.0277717565485
TEST_1140,372.2011553080468
TEST_1141,466.3079247601212
TEST_1142,143.47586458214502
TEST_1143,553.6254350342163
TEST_1144,248.41188881415312
TEST_1145,651.7916170435087
TEST_1146,347.1525262576129
TEST_1147,174.0766462901943
TEST_1148,346.9920846699961
TEST_1149,207.5031739942359
TEST_1150,134.28340796768953
TEST_1151,373.6881259789326
TEST_1152,337.6748268052647
TEST_1153,544.1289594085359
TEST_1154,329.6197317310983
TEST_1155,285.3383857312641
TEST_1156,647.0632242353171
TEST_1157,461.1059454100878
TEST_1158,145.613643574
TEST_1159,466.026369854297
TEST_1160,125.24718708484869
TEST_1161,74.17201605647224
TEST_1162,616.0282674205831
TEST_1163,453.03683006723577
TEST_1164,153.2674148824388
TEST_1165,738.6052346674727
TEST_1166,518.0137831206446
TEST_1167,250.24037623663202
TEST_1168,663.1091916194348
TEST_1169,163.29601557748822
TEST_1170,542.6792719737409
TEST_1171,546.5838999517514
TEST_1172,510.8648374053062
TEST_1173,241.3137333023857
TEST_1174,745.1999862649478
TEST_1175,552.8552425781684
TEST_1176,152.72775640482655
TEST_1177,37.483596790543864
TEST_1178,147.8418166504395
TEST_1179,445.6426419885949
TEST_1180,46.355511056095175
TEST_1181,636.3544899608024
TEST_1182,444.63270205339717
TEST_1183,448.5617248270717
TEST_1184,743.001142257834
TEST_1185,345.58656758218115
TEST_1186,52.47577484925718
TEST_1187,26.925663687176606
TEST_1188,637.0682167020559
TEST_1189,613.0532878367319
TEST_1190,550.9542579241845
TEST_1191,232.62782721763242
TEST_1192,634.9419446536147
TEST_1193,748.6138473656558
TEST_1194,240.66361882305867
TEST_1195,390.9726193902578
TEST_1196,744.4542763120629
TEST_1197,46.234478964558136
TEST_1198,463.7016945976868
TEST_1199,383.4512645763255
TEST_1200,382.04426404816274
TEST_1201,264.16998387918676
TEST_1202,446.6553875745978
TEST_1203,534.7487081669436
TEST_1204,529.4905071882264
TEST_1205,251.8759904293695
TEST_1206,644.2489820524141
TEST_1207,260.3155306180738
TEST_1208,178.1091614454982
TEST_1209,440.0585263851291
TEST_1210,630.8259351350727
TEST_1211,228.30147356703065
TEST_1212,635.8093540772815
TEST_1213,728.3157547893104
TEST_1214,446.5021311080279
TEST_1215,352.46204529736355
TEST_1216,238.45732499197553
TEST_1217,357.67633978317036
TEST_1218,44.394951937925434
TEST_1219,263.6277177572917
TEST_1220,226.4209782602404
TEST_1221,61.77925648270659
TEST_1222,341.177640883417
TEST_1223,457.4833304845003
TEST_1224,658.7721712566877
TEST_1225,164.46704942015091
TEST_1226,22.286229313031296
TEST_1227,453.49194164871795
TEST_1228,284.7393479692874
TEST_1229,38.94945834367726
TEST_1230,677.7076439971246
TEST_1231,239.15285343828194
TEST_1232,764.0271969344158
TEST_1233,749.1432257811584
TEST_1234,90.24418893845059
TEST_1235,147.22486892378342
TEST_1236,631.7345639820874
TEST_1237,247.76744777823626
TEST_1238,650.1621447312924
TEST_1239,249.4918121230592
TEST_1240,566.2962779290128
TEST_1241,645.8877193836408
TEST_1242,337.5881454838094
TEST_1243,143.8308610339586
TEST_1244,665.9468876370734
TEST_1245,753.8500747342148
TEST_1246,335.0279308375063
TEST_1247,227.69676200726246
TEST_1248,438.3085524663276
TEST_1249,755.2352417037525
TEST_1250,187.2683221991406
TEST_1251,629.1560987858943
TEST_1252,35.69024251276479
TEST_1253,259.30865144254903
TEST_1254,146.03788962317668
TEST_1255,442.13394133465664
TEST_1256,39.4863319190424
TEST_1257,540.1101583250702
TEST_1258,248.95152254792887
TEST_1259,155.2554626718919
TEST_1260,341.5567871479812
TEST_1261,647.9657673807015
TEST_1262,147.16909607707512
TEST_1263,59.10656155822652
TEST_1264,546.1915763242691
TEST_1265,52.648516662071344
TEST_1266,168.99050111239015
TEST_1267,538.5277573744887
TEST_1268,649.6893394621165
TEST_1269,445.2236409654157
TEST_1270,365.46869014388074
TEST_1271,248.74811955574086
TEST_1272,150.58858542737377
TEST_1273,646.8133438909382
TEST_1274,552.2066970043494
TEST_1275,543.4568597683021
TEST_1276,759.2335970097143
TEST_1277,242.30476497906008
TEST_1278,544.5873969462441
TEST_1279,434.61764846700413
TEST_1280,738.8931754226519
TEST_1281,303.3807879311327
TEST_1282,37.68519128016479
TEST_1283,64.59114846034998
TEST_1284,333.9700857143384
TEST_1285,91.63460675375742
TEST_1286,638.85997380204
TEST_1287,171.92155669233665
TEST_1288,360.9511406448656
TEST_1289,671.409112280387
TEST_1290,233.15128035133745
TEST_1291,562.7980068712156
TEST_1292,565.1701409637881
TEST_1293,623.1641423694282
TEST_1294,240.0429327560218
TEST_1295,338.7170719890248
TEST_1296,541.2809506466683
TEST_1297,323.1046595354192
TEST_1298,483.7098166386998
TEST_1299,152.74333905532728
TEST_1300,433.8156088161452
TEST_1301,459.3898320946724
TEST_1302,676.5769074665815
TEST_1303,467.8013489295469
TEST_1304,570.5088381603255
TEST_1305,41.1722581133029
TEST_1306,599.9693704015557
TEST_1307,365.4042169016995
TEST_1308,620.3781911734683
TEST_1309,351.33463023319763
TEST_1310,552.3752608101094
TEST_1311,296.5783401907496
TEST_1312,576.5087052477209
TEST_1313,458.7251559212936
TEST_1314,558.5884918019133
TEST_1315,243.46301836223108
TEST_1316,231.48647140832207
TEST_1317,462.65520836873964
TEST_1318,143.09435974776918
TEST_1319,48.797163680927056
TEST_1320,588.6510337141335
TEST_1321,42.459473705037354
TEST_1322,640.4117562173112
TEST_1323,200.3555944627801
TEST_1324,152.4163610264845
TEST_1325,359.1988029812724
TEST_1326,156.72227065822102
TEST_1327,642.9879955833575
TEST_1328,358.1518937774315
TEST_1329,146.64984966420184
TEST_1330,338.83589303134454
TEST_1331,448.5806492388516
TEST_1332,556.8025491355605
TEST_1333,139.1988461468958
TEST_1334,446.3903392126426
TEST_1335,104.50787835838841
TEST_1336,746.0101448717561
TEST_1337,557.7914994175347
TEST_1338,458.3720775837841
TEST_1339,243.12349668023268
TEST_1340,253.46194320085112
TEST_1341,445.1973158445683
TEST_1342,247.43763677415288
TEST_1343,581.7001938606571
TEST_1344,446.9033101169188
TEST_1345,443.7573372980791
TEST_1346,651.2772967927081
TEST_1347,88.80872694541877
TEST_1348,37.34878728440976
TEST_1349,642.3731229607265
TEST_1350,647.1889248414989
TEST_1351,143.27664323270534
TEST_1352,245.32909607928661
TEST_1353,744.3191040600085
TEST_1354,46.453357358582736
TEST_1355,637.5116920317354
TEST_1356,595.3529344740173
TEST_1357,458.73228796523136
TEST_1358,541.1743279078663
TEST_1359,688.5524448257662
TEST_1360,546.0231696364302
TEST_1361,151.7890729869455
TEST_1362,389.2156957198475
TEST_1363,172.20103796288643
TEST_1364,246.40186998482343
TEST_1365,643.6171310800963
TEST_1366,93.2610274028111
TEST_1367,309.00955804526745
TEST_1368,246.64271579472853
TEST_1369,465.567320569623
TEST_1370,266.9976175563127
TEST_1371,514.3985283649818
TEST_1372,644.7919325724166
TEST_1373,465.8706028793737
TEST_1374,313.105994807594
TEST_1375,636.0457802063063
TEST_1376,553.4412871827587
TEST_1377,351.7564005935979
TEST_1378,39.064889402932664
TEST_1379,543.6943186446989
TEST_1380,254.24849719633286
TEST_1381,342.6214615605089
TEST_1382,56.91909847043994
TEST_1383,143.15002212994733
TEST_1384,160.6424065760356
TEST_1385,542.7652841509284
TEST_1386,659.3029206232876
TEST_1387,468.2881993264707
TEST_1388,48.80308307675049
TEST_1389,462.73933660046976
TEST_1390,635.8979723600115
TEST_1391,756.7802140143021
TEST_1392,636.4336495226273
TEST_1393,271.5637753382508
TEST_1394,746.287304798997
TEST_1395,540.2452531284061
TEST_1396,362.4842633737197
TEST_1397,39.81331842996686
TEST_1398,447.5531194554075
TEST_1399,35.182443520247695
TEST_1400,650.6820762742635
TEST_1401,667.6307821811363
TEST_1402,451.7938784665654
TEST_1403,252.16726432780055
TEST_1404,761.4415235415835
TEST_1405,88.28446915814851
TEST_1406,146.1096197208024
TEST_1407,651.2295657355559
TEST_1408,257.95330204946976
TEST_1409,142.98298725503557
TEST_1410,759.1347026158606
TEST_1411,512.3998128370156
TEST_1412,158.91762638707027
TEST_1413,156.4216906185552
TEST_1414,243.653539072907
TEST_1415,654.3301429219409
TEST_1416,411.4058813156904
TEST_1417,748.8845539573165
TEST_1418,751.0320939927336
TEST_1419,119.71568825846524
TEST_1420,532.017117986469
TEST_1421,143.5385625049231
TEST_1422,442.34527856569304
TEST_1423,254.5137120485465
TEST_1424,248.83076459424208
TEST_1425,441.1523543613588
TEST_1426,744.3811352179143
TEST_1427,633.9615528542513
TEST_1428,522.5086059222325
TEST_1429,620.8580122949669
TEST_1430,235.72705433620996
TEST_1431,246.48498556505868
TEST_1432,550.7356656496917
TEST_1433,354.08799745974557
TEST_1434,344.87829195495533
TEST_1435,330.40480998581467
TEST_1436,148.95655034074218
TEST_1437,754.9622488568608
TEST_1438,164.82055492195022
TEST_1439,646.7566530890645
TEST_1440,454.6381758097239
TEST_1441,151.612732075576
TEST_1442,568.9457172472155
TEST_1443,439.47675853792305
TEST_1444,268.69563007342407
TEST_1445,536.8280978113573
TEST_1446,85.60983036809573
TEST_1447,457.88689679822613
TEST_1448,432.9951393449708
TEST_1449,751.647279556261
TEST_1450,649.9133274194188
TEST_1451,670.751014775971
TEST_1452,644.5116099199589
TEST_1453,356.3902929423187
TEST_1454,648.1090576340687
TEST_1455,257.17538898764116
TEST_1456,460.36545288150745
TEST_1457,34.393924628376716
TEST_1458,543.6327607352096
TEST_1459,347.3596011707081
TEST_1460,537.8192565479925
TEST_1461,146.40304630832816
TEST_1462,44.8872876899697
TEST_1463,749.4596468094362
TEST_1464,343.7363584110891
TEST_1465,463.0394459274841
TEST_1466,147.77452251383957
TEST_1467,247.4377234013456
TEST_1468,271.2100227134159
TEST_1469,469.3430888106809
TEST_1470,36.769330998239646
TEST_1471,749.6882131846829
TEST_1472,363.7648209162467
TEST_1473,252.76669188205602
TEST_1474,143.48240119809492
TEST_1475,542.2645254138215
TEST_1476,558.8166256320534
TEST_1477,325.607400820926
TEST_1478,346.7297123190163
TEST_1479,238.08078184627854
TEST_1480,659.7384171788308
TEST_1481,157.19186475270024
TEST_1482,149.1897875194582
TEST_1483,453.9274399610887
TEST_1484,514.0948209089562
TEST_1485,94.46840074098603
TEST_1486,298.3869563471543
TEST_1487,744.853536015627
TEST_1488,50.62442642448022
TEST_1489,70.75093267014654
TEST_1490,443.8534285007692
TEST_1491,645.8182372436289
TEST_1492,643.5643076856985
TEST_1493,74.72635254327834
TEST_1494,547.6817322999805
TEST_1495,140.39885741730444
TEST_1496,647.6241839714695
TEST_1497,341.2873661275609
TEST_1498,673.6424354325503
TEST_1499,355.0704997744833
TEST_1500,449.6043704680515
TEST_1501,372.30600515631653
TEST_1502,251.3166014989173
TEST_1503,348.25073558326903
TEST_1504,329.2031728410253
TEST_1505,59.66419364760115
TEST_1506,407.7686891675384
TEST_1507,361.10477369834257
TEST_1508,692.0165172829107
TEST_1509,650.094607878099
TEST_1510,515.334501042549
TEST_1511,255.29515028462225
TEST_1512,253.13385154055808
TEST_1513,461.21951397232124
TEST_1514,63.30188248504217
TEST_1515,268.4289278339784
TEST_1516,344.40991203813786
TEST_1517,446.9314930458059
TEST_1518,241.41525512678328
TEST_1519,649.7065540827583
TEST_1520,450.0950571728197
TEST_1521,673.9106474875592
TEST_1522,163.847575304806
TEST_1523,255.64225165642821
TEST_1524,350.50092876490703
TEST_1525,659.950816934261
TEST_1526,376.4236894611926
TEST_1527,357.9716573521124
TEST_1528,51.71967236073401
TEST_1529,457.80974608055357
TEST_1530,748.4144569269615
TEST_1531,288.22682675697416
TEST_1532,542.4550611615624
TEST_1533,45.08334269188602
TEST_1534,152.92785231515714
TEST_1535,366.9363089872375
TEST_1536,538.5884508523185
TEST_1537,255.75982130140915
TEST_1538,362.98464722605723
TEST_1539,380.34316082237274
TEST_1540,345.4370644547516
TEST_1541,539.9810698325049
TEST_1542,38.79216605447563
TEST_1543,255.09256414633398
TEST_1544,151.0583383663421
TEST_1545,627.5918175428692
TEST_1546,456.24494162687466
TEST_1547,249.3445664548049
TEST_1548,552.981190700033
TEST_1549,158.90719426175735
TEST_1550,236.226344762202
TEST_1551,341.066699369181
TEST_1552,164.27866467571644
TEST_1553,546.98405046921
TEST_1554,447.3326342946157
TEST_1555,269.8467978559286
TEST_1556,648.2820976442407
TEST_1557,732.5045266787973
TEST_1558,148.25184825976535
TEST_1559,349.49917663873725
TEST_1560,444.27548830298025
TEST_1561,244.89051775581984
TEST_1562,519.6540764322501
TEST_1563,146.4410690386687
TEST_1564,441.7652664138078
TEST_1565,246.76088815487205
TEST_1566,659.0495543432324
TEST_1567,261.87922374960533
TEST_1568,546.8432040940022
TEST_1569,545.8692561836734
TEST_1570,754.5040114558387
TEST_1571,47.998031605468974
TEST_1572,657.2199053675508
TEST_1573,458.96497239379187
TEST_1574,656.1732359201859
TEST_1575,141.9982767263505
TEST_1576,182.0310922850927
TEST_1577,559.7240981741502
TEST_1578,648.4812181085105
TEST_1579,651.564222643599
TEST_1580,361.07931437484103
TEST_1581,697.1155673365527
TEST_1582,456.4931824483058
TEST_1583,370.88818116679147
TEST_1584,451.11920346757637
TEST_1585,438.3609584385424
TEST_1586,247.713550760779
TEST_1587,749.0552282727202
TEST_1588,516.2699961965493
TEST_1589,356.6042585494337
TEST_1590,248.45982004934098
TEST_1591,343.26848630908034
TEST_1592,663.193016154042
TEST_1593,544.2799557322444
TEST_1594,42.81969934745995
TEST_1595,754.3280436275527
TEST_1596,726.1083718046476
TEST_1597,568.1691338987706
TEST_1598,535.4065575068573
TEST_1599,236.1386625155291
TEST_1600,660.7492459082267
TEST_1601,146.6913494029698
TEST_1602,503.2512043652289
TEST_1603,691.3490255455964
TEST_1604,163.01253208688811
TEST_1605,547.1595261010265
TEST_1606,347.04199042254953
TEST_1607,751.9616497979462
TEST_1608,261.8493247556913
TEST_1609,240.93290798508508
TEST_1610,462.7196394567527
TEST_1611,388.6093061387331
TEST_1612,434.8644754404185
TEST_1613,180.41370878837495
TEST_1614,194.39785637226805
TEST_1615,357.4445022520487
TEST_1616,256.4459718563852
TEST_1617,165.96414917334954
TEST_1618,361.82878618083254
TEST_1619,539.8211847441272
TEST_1620,152.52122893129265
TEST_1621,455.4562597644158
TEST_1622,445.4250135654999
TEST_1623,166.5824033405733
TEST_1624,445.76664799872736
TEST_1625,654.4694770219749
TEST_1626,745.6529036695291
TEST_1627,347.65241452150457
TEST_1628,744.4433974293237
TEST_1629,644.148066719072
TEST_1630,601.611385596293
TEST_1631,43.928669438781306
TEST_1632,636.0957375312912
TEST_1633,261.7400309854219
TEST_1634,455.29362576808927
TEST_1635,451.34566702276516
TEST_1636,77.89085293414597
TEST_1637,461.32878803913195
TEST_1638,253.1555969379292
TEST_1639,263.65494662835164
TEST_1640,77.10285414079694
TEST_1641,342.6293249944336
TEST_1642,515.9962717226166
TEST_1643,154.5901250557016
TEST_1644,444.9568084370607
TEST_1645,244.54268246030605
TEST_1646,727.2900433820688
TEST_1647,361.3799919237648
TEST_1648,241.97535187735832
TEST_1649,63.33622740191036
TEST_1650,250.60199810772806
TEST_1651,685.939235483405
TEST_1652,24.04238157820852
TEST_1653,162.45806438862195
TEST_1654,37.30742305755063
TEST_1655,365.03371779041703
TEST_1656,755.181961155212
TEST_1657,139.30852040916415
TEST_1658,635.9831051793539
TEST_1659,240.63289081355381
TEST_1660,515.7692009478037
TEST_1661,757.6222171015095
TEST_1662,87.62623127849568
TEST_1663,346.87046840508276
TEST_1664,391.0886395107887
TEST_1665,660.5234225546543
TEST_1666,166.5376049791544
TEST_1667,163.85892388787485
TEST_1668,57.04793652728496
TEST_1669,161.37478072014122
TEST_1670,531.4166227175562
TEST_1671,365.875929099749
TEST_1672,344.3611468052318
TEST_1673,540.0195874337379
TEST_1674,446.4821824150263
TEST_1675,50.59126641498045
TEST_1676,356.3513844226183
TEST_1677,651.5996507498129
TEST_1678,149.6419539479003
TEST_1679,444.12672088357357
TEST_1680,595.8657908788365
TEST_1681,336.8262055087025
TEST_1682,367.19678562960667
TEST_1683,464.4989684440508
TEST_1684,350.43418335211794
TEST_1685,583.0528589057424
TEST_1686,342.5735097246779
TEST_1687,567.3024663493172
TEST_1688,44.389661062786615
TEST_1689,530.7217351751365
TEST_1690,749.545536264651
TEST_1691,157.9599118744286
TEST_1692,356.72318342766243
TEST_1693,537.432576111189
TEST_1694,758.0942744284866
TEST_1695,519.0462212638347
TEST_1696,48.434387398085846
TEST_1697,254.51426685915933
TEST_1698,234.77457262276175
TEST_1699,355.6294089567186
TEST_1700,433.0066233558229
TEST_1701,248.03379778585992
TEST_1702,260.63707805713364
TEST_1703,41.79832916826984
TEST_1704,738.3427795619026
TEST_1705,625.5887815162288
TEST_1706,383.9265406429113
TEST_1707,756.4402867922294
TEST_1708,639.2503083269695
TEST_1709,484.40291854393905
TEST_1710,376.9288442501567
TEST_1711,305.94326235307796
TEST_1712,652.0597538281952
TEST_1713,369.1511513444118
TEST_1714,447.63798834814446
TEST_1715,570.8299741416489
TEST_1716,254.46450007276755
TEST_1717,633.9302923014283
TEST_1718,646.1622470897562
TEST_1719,382.82450203155435
TEST_1720,543.9618972037653
TEST_1721,172.2966946266125
TEST_1722,667.8379003786334
TEST_1723,150.4494104546607
TEST_1724,143.3106781881459
TEST_1725,636.2168876674968
TEST_1726,152.46377974946105
TEST_1727,252.25564487328026
TEST_1728,198.22019195276891
TEST_1729,255.73045172417767
TEST_1730,558.613232570872
TEST_1731,32.68086420149802
TEST_1732,243.08905397186984
TEST_1733,697.8806076876945
TEST_1734,153.92650257076932
TEST_1735,466.87096236439464
TEST_1736,746.5499296712812
TEST_1737,252.79435417883244
TEST_1738,274.4440100984566
TEST_1739,164.04813139384487
TEST_1740,359.0690947468746
TEST_1741,644.5697866291681
TEST_1742,265.0401581342325
TEST_1743,241.4461987820625
TEST_1744,45.06071540314859
TEST_1745,141.62345351324691
TEST_1746,524.7360162782877
TEST_1747,457.0211598736945
TEST_1748,370.6251236056095
TEST_1749,255.38567632947974
TEST_1750,252.2618282381073
TEST_1751,665.2377333944639
TEST_1752,556.4696571741059
TEST_1753,459.8372362852692
TEST_1754,156.97913826060605
TEST_1755,653.8879439971803
TEST_1756,446.83936677059177
TEST_1757,183.6137266506942
TEST_1758,145.27213173829222
TEST_1759,179.0252214251862
TEST_1760,258.8408900078022
TEST_1761,654.5442081101014
TEST_1762,568.7245280673552
TEST_1763,749.6084033107543
TEST_1764,667.3932872476972
TEST_1765,468.339740914648
TEST_1766,455.9517250313678
TEST_1767,54.66194177351656
TEST_1768,352.57117941227636
TEST_1769,354.670824266928
TEST_1770,659.9188235750772
TEST_1771,634.4236877681639
TEST_1772,440.56411187970025
TEST_1773,570.6932685203327
TEST_1774,401.20355353574286
TEST_1775,441.1665928527705
TEST_1776,246.09082463042608
TEST_1777,750.3496803297187
TEST_1778,626.3820019928702
TEST_1779,454.2019592821173
TEST_1780,238.53818006705248
TEST_1781,43.552587417612
TEST_1782,182.6515950447008
TEST_1783,549.7468572938199
TEST_1784,550.3358676209688
TEST_1785,253.14368463519148
TEST_1786,439.7231287552516
TEST_1787,54.71229693166491
TEST_1788,351.9095873463858
TEST_1789,106.74725018072746
TEST_1790,648.5582267322247
TEST_1791,345.2988605487153
TEST_1792,127.5654026539164
TEST_1793,547.3742206213855
TEST_1794,36.75984528959257
TEST_1795,658.3405701515401
TEST_1796,256.5075663274127
TEST_1797,36.813246265218595
TEST_1798,234.1848012188898
TEST_1799,635.9460663173721
TEST_1800,364.80069461132155
TEST_1801,449.18626443893186
TEST_1802,625.3918725287231
TEST_1803,556.6715363988378
TEST_1804,248.06421941112896
TEST_1805,616.9937688455481
TEST_1806,399.5199056759413
TEST_1807,753.014676326982
TEST_1808,440.132594167029
TEST_1809,645.3163929170831
TEST_1810,146.25225691374342
TEST_1811,645.4169822988094
TEST_1812,553.21759704092
TEST_1813,520.1542822617191
TEST_1814,648.2408724280443
TEST_1815,136.9812845490085
TEST_1816,527.2490003476173
TEST_1817,549.3791920165586
TEST_1818,442.38693673935717
TEST_1819,250.38361427999837
TEST_1820,154.1633503344807
TEST_1821,641.3694548256351
TEST_1822,99.29227038095324
TEST_1823,655.8665853769671
TEST_1824,37.89124149909876
TEST_1825,245.64834189351657
TEST_1826,732.8520207588261
TEST_1827,263.9480795885601
TEST_1828,152.34231114773135
TEST_1829,241.91873440234184
TEST_1830,139.51997586509978
TEST_1831,59.296320179070605
TEST_1832,350.1130497806769
TEST_1833,552.9132040009694
TEST_1834,349.82421639240306
TEST_1835,650.1575280235147
TEST_1836,603.568217526995
TEST_1837,199.23797250544314
TEST_1838,39.37119138376721
TEST_1839,60.00195638475819
TEST_1840,187.89695692946452
TEST_1841,614.1437245347166
TEST_1842,42.76364312755106
TEST_1843,759.3142010417833
TEST_1844,33.255609105069105
TEST_1845,48.51490244688689
TEST_1846,173.6575695609528
TEST_1847,645.4186241300308
TEST_1848,41.305297447115755
TEST_1849,734.0834306651735
TEST_1850,252.25819543273056
TEST_1851,268.1930592502385
TEST_1852,338.85032854480585
TEST_1853,456.80950128223003
TEST_1854,215.79343152486373
TEST_1855,757.7718836617817
TEST_1856,506.8757013638551
TEST_1857,690.8053228815721
TEST_1858,555.638861423271
TEST_1859,353.878903299252
TEST_1860,446.48532694573606
TEST_1861,454.20215454136417
TEST_1862,595.1342499944333
TEST_1863,455.8872090994817
TEST_1864,728.680108857211
TEST_1865,575.0704581838426
TEST_1866,539.2746866578857
TEST_1867,537.4811845395774
TEST_1868,29.202694693217392
TEST_1869,629.9493926739979
TEST_1870,627.0738928604757
TEST_1871,144.83167225651778
TEST_1872,336.131122562257
TEST_1873,365.46015599355206
TEST_1874,550.8282827039928
TEST_1875,641.8168133930761
TEST_1876,746.3230383780917
TEST_1877,32.71082843419843
TEST_1878,148.68244756088552
TEST_1879,610.5407107320802
TEST_1880,238.61928369142979
TEST_1881,255.32443999650138
TEST_1882,543.3080536372387
TEST_1883,151.33709554927188
TEST_1884,726.2165752465176
TEST_1885,509.0495035638059
TEST_1886,640.6640199010604
TEST_1887,226.65129526686204
TEST_1888,235.64190076189814
TEST_1889,669.6940609780837
TEST_1890,556.4928461573259
TEST_1891,42.816505904484565
TEST_1892,230.51790577223971
TEST_1893,214.2991789002594
TEST_1894,354.9021988639032
TEST_1895,628.7177616417289
TEST_1896,657.2677427527516
TEST_1897,49.238384671087736
TEST_1898,359.9704013104706
TEST_1899,650.8074371659667
TEST_1900,342.663606414915
TEST_1901,640.1090644924213
TEST_1902,410.29688622451306
TEST_1903,507.55787008688077
TEST_1904,253.89128459763745
TEST_1905,281.81977532980954
TEST_1906,526.7190454969092
TEST_1907,554.685966565409
TEST_1908,652.5649962770688
TEST_1909,568.7911466460902
TEST_1910,49.36992461874526
TEST_1911,439.21044879359704
TEST_1912,640.6111213806661
TEST_1913,256.0021126340983
TEST_1914,753.3307733898102
TEST_1915,531.4754797973765
TEST_1916,363.6968998691641
TEST_1917,359.13367285712604
TEST_1918,363.8811372656278
TEST_1919,50.03201870632576
TEST_1920,685.2334662873004
TEST_1921,152.9040201549133
TEST_1922,748.9663508786488
TEST_1923,25.733582834203958
TEST_1924,556.0651658388388
TEST_1925,477.3540453379051
TEST_1926,566.7638313174317
TEST_1927,548.853945611463
TEST_1928,47.38641804320969
TEST_1929,457.6491418299152
TEST_1930,25.939632781348323
TEST_1931,38.58357308080994
TEST_1932,553.4158754809018
TEST_1933,291.1497238235346
TEST_1934,344.3890391160319
TEST_1935,462.4846807378076
TEST_1936,351.9209351532868
TEST_1937,580.4733823596373
TEST_1938,458.34390759186385
TEST_1939,237.8015386731884
TEST_1940,44.19774216778306
TEST_1941,412.33393775990936
TEST_1942,639.9050836190613
TEST_1943,556.337229044498
TEST_1944,358.47124876942615
TEST_1945,447.8007973441333
TEST_1946,69.12637559215632
TEST_1947,187.4507630352609
TEST_1948,257.16724716971953
TEST_1949,442.13324578315803
TEST_1950,446.795936685008
TEST_1951,659.3918826696864
TEST_1952,249.75945512339075
TEST_1953,156.49221931979645
TEST_1954,727.6921499198253
TEST_1955,539.7624549757452
TEST_1956,444.82858951053475
TEST_1957,461.5251113904015
TEST_1958,603.725919814099
TEST_1959,39.244183649165244
TEST_1960,156.36578940481263
TEST_1961,374.12560820711354
TEST_1962,558.7301641174529
TEST_1963,262.5219491322631
TEST_1964,44.825190739679265
TEST_1965,47.224276968173164
TEST_1966,541.9208176925359
TEST_1967,570.5822697015719
TEST_1968,745.632686806599
TEST_1969,350.42322625917376
TEST_1970,141.21357316343727
TEST_1971,135.94351075420698
TEST_1972,548.9921070658128
TEST_1973,124.49835710034607
TEST_1974,633.5086709531339
TEST_1975,286.490991185182
TEST_1976,510.0256199238667
TEST_1977,760.9295230419322
TEST_1978,140.36849430821982
TEST_1979,755.2657080806703
TEST_1980,443.1675736145268
TEST_1981,446.72789867350247
TEST_1982,678.0160371882439
TEST_1983,574.3931172055618
TEST_1984,354.1613212213011
TEST_1985,157.69687924285225
TEST_1986,385.46360097680895
TEST_1987,173.11767105737607
TEST_1988,355.26494524516045
TEST_1989,764.6242697383857
TEST_1990,721.1518583965171
TEST_1991,230.56805866571798
TEST_1992,42.88737889278179
TEST_1993,354.3151694206007
TEST_1994,465.66948941972913
TEST_1995,258.1996001538436
TEST_1996,38.627813111180224
TEST_1997,348.6716977290758
TEST_1998,342.49661538729794
TEST_1999,563.1397960596679
TEST_2000,244.0378839666348
TEST_2001,661.2527225261416
TEST_2002,183.74134060990386
TEST_2003,754.85447333345
TEST_2004,404.72337019398105
TEST_2005,317.2291259628111
TEST_2006,234.34202674632107
TEST_2007,145.8896691951679
TEST_2008,251.3063097277296
TEST_2009,473.09847055760645
TEST_2010,668.8655931718545
TEST_2011,647.7051760923822
TEST_2012,550.4704200200825
TEST_2013,534.9203850771726
TEST_2014,232.97016797041934
TEST_2015,364.70434606654624
TEST_2016,257.24990553233107
TEST_2017,223.15761725591258
TEST_2018,544.7494790578771
TEST_2019,353.90193771289034
TEST_2020,458.7422948735839
TEST_2021,627.4574524988368
TEST_2022,162.15253305374543
TEST_2023,451.7302144205429
TEST_2024,456.0536518821703
TEST_2025,342.36635551131076
TEST_2026,694.5859938283874
TEST_2027,101.2422931353411
TEST_2028,162.6212838097
TEST_2029,693.76663307498
TEST_2030,51.795413922905176
TEST_2031,448.08018971268814
TEST_2032,184.44045776980116
TEST_2033,260.65085458765276
TEST_2034,164.55717555244783
TEST_2035,347.5608315711883
TEST_2036,146.04202558119383
TEST_2037,188.56300040429642
TEST_2038,270.083541653064
TEST_2039,647.8901872912911
TEST_2040,444.5799305869977
TEST_2041,140.06938939084858
TEST_2042,263.23216919343736
TEST_2043,191.15077640631173
TEST_2044,551.9326526381358
TEST_2045,614.8318525457073
TEST_2046,110.22711158202935
TEST_2047,519.7122045696009
TEST_2048,293.25384124394884
TEST_2049,253.23392484163716
TEST_2050,756.29632037139
TEST_2051,441.30669742781447
TEST_2052,566.3425973191507
TEST_2053,640.5444698461215
TEST_2054,448.3665505071877
TEST_2055,362.21840749498995
TEST_2056,244.8833313777244
TEST_2057,160.09427400923542
TEST_2058,539.1139747843083
TEST_2059,690.8749043560862
TEST_2060,143.49548505130554
TEST_2061,359.63750060643906
TEST_2062,652.3491880014494
TEST_2063,753.3816644184501
TEST_2064,643.187906773423
TEST_2065,548.5394088231262
TEST_2066,531.4131882398697
TEST_2067,256.31552461897263
TEST_2068,457.93980895705863
TEST_2069,376.0758106677106
TEST_2070,369.2597367359086
TEST_2071,241.0685796033907
TEST_2072,605.5295808125964
TEST_2073,759.3560768536728
TEST_2074,461.18481421153336
TEST_2075,458.9601099161543
TEST_2076,457.0089149074862
TEST_2077,529.7009877423582
TEST_2078,366.64758234839417
TEST_2079,288.9479277383346
TEST_2080,541.6176224446803
TEST_2081,345.20560127168966
TEST_2082,652.6385497808535
TEST_2083,25.563668400833063
TEST_2084,346.8839144925933
TEST_2085,163.81628818927402
TEST_2086,348.7354856762197
TEST_2087,136.4721999429539
TEST_2088,33.49756161708615
TEST_2089,750.0742713852493
TEST_2090,69.98031989977194
TEST_2091,618.9480838545829
TEST_2092,732.4071043324553
TEST_2093,355.60847246294713
TEST_2094,234.77734838020922
TEST_2095,274.50359293432473
TEST_2096,549.0502786328542
TEST_2097,523.8492563123015
TEST_2098,755.0510430181772
TEST_2099,142.20058759340515
TEST_2100,253.21399119919013
TEST_2101,250.07887506159474
TEST_2102,444.5149222697635
TEST_2103,449.74286378016683
TEST_2104,745.2710766523899
TEST_2105,343.2704816789531
TEST_2106,202.42832228660563
TEST_2107,255.10385004901718
TEST_2108,333.5408679599568
TEST_2109,454.10741170306994
TEST_2110,157.29017583642232
TEST_2111,202.0334570328489
TEST_2112,655.7976253467814
TEST_2113,745.9480005401496
TEST_2114,645.779017510694
TEST_2115,364.6072730182742
TEST_2116,640.5339295629407
TEST_2117,640.5346783733304
TEST_2118,106.41924472830789
TEST_2119,34.24271476211803
TEST_2120,561.8069053317147
TEST_2121,154.66410022258688
TEST_2122,562.7981608655148
TEST_2123,439.67340911868536
TEST_2124,560.573195541594
TEST_2125,514.6552185341284
TEST_2126,646.3715267224334
TEST_2127,679.3132605055532
TEST_2128,367.5310309913708
TEST_2129,464.60670243533707
TEST_2130,162.45979874518827
TEST_2131,546.2196692822239
TEST_2132,562.1467376918818
TEST_2133,30.893051491463307
TEST_2134,254.26722600517306
TEST_2135,653.705568363929
TEST_2136,213.35765495287282
TEST_2137,586.4383647359687
TEST_2138,33.463132203628106
TEST_2139,676.3578008540229
TEST_2140,323.83439735631106
TEST_2141,416.8221908129665
TEST_2142,561.3150996358472
TEST_2143,443.31320708141044
TEST_2144,282.53038085147625
TEST_2145,367.608307304271
TEST_2146,55.908186037695216
TEST_2147,359.41595095554754
TEST_2148,436.9603615304005
TEST_2149,145.76580602255294
TEST_2150,393.2879329795912
TEST_2151,154.9129499664755
TEST_2152,648.9557683069759
TEST_2153,134.03045674383654
TEST_2154,158.82157534641547
TEST_2155,325.7057130490128
TEST_2156,359.52707021922646
TEST_2157,758.2470643564435
TEST_2158,49.642659244903356
TEST_2159,746.3467938079043
TEST_2160,294.84256131041485
TEST_2161,354.3636462322263
TEST_2162,458.8859256086764
TEST_2163,631.239869022907
TEST_2164,253.77360932830803
TEST_2165,540.3434899657416
TEST_2166,160.38144245631207
TEST_2167,25.286012855526025
TEST_2168,341.74901939894687
TEST_2169,442.7300554183809
TEST_2170,333.13330357859246
TEST_2171,632.9884111227228
TEST_2172,637.4431182031734
TEST_2173,352.51844752281124
TEST_2174,164.8676931851872
TEST_2175,143.0696471294558
TEST_2176,453.8718104750897
TEST_2177,153.10306916903266
TEST_2178,696.63520074133
TEST_2179,571.7576633076911
TEST_2180,569.3466686107654
TEST_2181,243.23423755028847
TEST_2182,452.32794050434063
TEST_2183,245.84190456306712
TEST_2184,761.0859882715655
TEST_2185,650.8750186437354
TEST_2186,39.90670987577357
TEST_2187,465.7435395190569
TEST_2188,754.0529632632537
TEST_2189,460.28733984825556
TEST_2190,760.0921401011861
TEST_2191,139.86316613387453
TEST_2192,639.0726510660228
TEST_2193,552.524492864516
TEST_2194,263.12023101979514
TEST_2195,242.78823843990753
TEST_2196,445.4533221466126
TEST_2197,447.71656859262254
TEST_2198,354.6427763444227
TEST_2199,641.7717399417576
TEST_2200,173.90526916526724
TEST_2201,623.6393453133644
TEST_2202,545.2265207799566
TEST_2203,749.9885631738481
TEST_2204,319.62755306031795
TEST_2205,374.8408600277868
TEST_2206,260.64888272932905
TEST_2207,91.08238471124818
